Date,AAA,BAA
11/24/2023, 5.1700 , 6.1700 
11/17/2023, 5.2800 , 6.3000 
11/10/2023, 5.4200 , 6.4200 
11/3/2023, 5.6100 , 6.6200 
10/27/2023, 5.7100 , 6.7100 
10/20/2023, 5.6700 , 6.6900 
10/13/2023, 5.4500 , 6.4700 
10/6/2023, 5.5500 , 6.5700 
9/29/2023, 5.3500 , 6.3500 
9/22/2023, 5.1200 , 6.1200 
9/15/2023, 5.0300 , 6.0800 
9/8/2023, 5.0200 , 6.0800 
9/1/2023, 4.8900 , 5.9700 
8/25/2023, 5.0300 , 6.0900 
8/18/2023, 5.0400 , 6.1100 
8/11/2023, 4.9100 , 5.9700 
8/4/2023, 4.8300 , 5.8900 
7/28/2023, 4.6600 , 5.7300 
7/21/2023, 4.6000 , 5.6800 
7/14/2023, 4.7000 , 5.7600 
7/7/2023, 4.7100 , 5.8000 
6/30/2023, 4.6100 , 5.7100 
6/23/2023, 4.6000 , 5.7000 
6/16/2023, 4.6800 , 5.7800 
6/9/2023, 4.7000 , 5.8000 
6/2/2023, 4.6800 , 5.8000 
5/26/2023, 4.7900 , 5.9100 
5/19/2023, 4.7200 , 5.8300 
5/12/2023, 4.6000 , 5.6900 
5/5/2023, 4.5500 , 5.6200 
4/28/2023, 4.4700 , 5.5400 
4/21/2023, 4.5300 , 5.6000 
4/14/2023, 4.4700 , 5.5100 
3/31/2023, 4.4900 , 5.6900 
3/24/2023, 4.5200 , 5.6500 
3/17/2023, 4.5900 , 5.7000 
3/10/2023, 4.6900 , 5.7500 
3/3/2023, 4.7600 , 5.8200 
2/24/2023, 4.7200 , 5.7900 
2/17/2023, 4.6000 , 5.6400 
2/10/2023, 4.4900 , 5.4800 
2/3/2023, 4.3400 , 5.3600 
1/27/2023, 4.3500 , 5.4200 
1/20/2023, 4.3000 , 5.4000 
1/13/2023, 4.3900 , 5.5100 
1/6/2023, 4.5700 , 5.7400 
12/30/2022, 4.7000 , 5.8600 
12/23/2022, 4.5100 , 5.6700 
12/16/2022, 4.2800 , 5.4400 
12/9/2022, 4.2900 , 5.4600 
12/2/2022, 4.5800 , 5.7500 
11/25/2022, 4.6400 , 5.8000 
11/18/2022, 4.8300 , 6.0000 
11/4/2022, 5.1500 , 6.3300 
10/28/2022, 5.2400 , 6.4100 
10/21/2022, 5.2300 , 6.4100 
10/14/2022, 5.0600 , 6.2100 
10/7/2022, 4.8500 , 5.9800 
9/30/2022, 4.8500 , 6.0000 
9/23/2022, 4.5900 , 5.7100 
9/16/2022, 4.4800 , 5.5900 
9/9/2022, 4.4800 , 5.5500 
9/2/2022, 4.3000 , 5.3700 
8/26/2022, 4.2000 , 5.2700 
8/19/2022, 4.0600 , 5.1300 
8/12/2022, 4.0000 , 5.0900 
8/5/2022, 3.9100 , 5.0300 
7/29/2022, 3.9200 , 5.0900 
7/22/2022, 4.0300 , 5.1900 
7/15/2022, 4.0900 , 5.2600 
7/8/2022, 4.1800 , 5.3200 
7/1/2022, 4.2500 , 5.3500 
6/24/2022, 4.2800 , 5.3500 
6/17/2022, 4.4100 , 5.4200 
6/10/2022, 4.1300 , 5.1100 
6/3/2022, 4.0300 , 5.0300 
5/27/2022, 4.0300 , 5.0700 
5/20/2022, 4.1800 , 5.1900 
5/13/2022, 4.1700 , 5.1300 
5/6/2022, 4.1900 , 5.0900 
4/29/2022, 3.9600 , 4.8800 
4/22/2022, 3.9200 , 4.8200 
4/8/2022, 3.4900 , 4.3700 
4/1/2022, 3.4200 , 4.2900 
3/25/2022, 3.5000 , 4.3900 
3/18/2022, 3.5000 , 4.4100 
3/11/2022, 3.4200 , 4.2600 
3/4/2022, 3.2700 , 4.0800 
2/25/2022, 3.3600 , 4.1300 
2/18/2022, 3.3100 , 4.0500 
2/11/2022, 3.2100 , 3.8900 
2/4/2022, 3.1100 , 3.7500 
1/28/2022, 3.0400 , 3.6800 
1/21/2022, 2.9700 , 3.6200 
1/14/2022, 2.8800 , 3.5300 
1/7/2022, 2.8300 , 3.5000 
12/31/2021, 2.7000 , 3.3600 
12/17/2021, 2.6300 , 3.2800 
12/10/2021, 2.6100 , 3.2700 
12/3/2021, 2.5800 , 3.2400 
11/26/2021, 2.7000 , 3.3500 
11/19/2021, 2.6700 , 3.3200 
11/12/2021, 2.5400 , 3.2000 
11/5/2021, 2.5900 , 3.2600 
10/29/2021, 2.6400 , 3.2900 
10/22/2021, 2.7100 , 3.3800 
10/15/2021, 2.6700 , 3.3600 
10/8/2021, 2.7100 , 3.3900 
10/1/2021, 2.6600 , 3.3300 
9/24/2021, 2.4900 , 3.1900 
9/17/2021, 2.4500 , 3.1800 
9/10/2021, 2.5400 , 3.2400 
9/3/2021, 2.5300 , 3.2300 
8/27/2021, 2.5400 , 3.2500 
8/20/2021, 2.5300 , 3.2300 
8/13/2021, 2.6200 , 3.3100 
8/6/2021, 2.5100 , 3.1800 
7/30/2021, 2.5300 , 3.2100 
7/23/2021, 2.5400 , 3.2200 
7/16/2021, 2.6100 , 3.2700 
7/9/2021, 2.5800 , 3.2400 
7/2/2021, 2.6500 , 3.3400 
6/25/2021, 2.7300 , 3.3900 
6/18/2021, 2.7600 , 3.4200 
6/11/2021, 2.8400 , 3.4800 
6/4/2021, 2.9300 , 3.5700 
5/28/2021, 2.9100 , 3.5800 
5/21/2021, 3.0000 , 3.6600 
5/14/2021, 3.0200 , 3.6700 
5/7/2021, 2.9000 , 3.5700 
4/30/2021, 2.9100 , 3.6000 
4/23/2021, 2.8800 , 3.5800 
4/16/2021, 2.8700 , 3.5900 
4/9/2021, 2.9300 , 3.6300 
3/26/2021, 3.0400 , 3.7500 
3/19/2021, 3.1400 , 3.8400 
3/12/2021, 3.0200 , 3.7400 
3/5/2021, 2.9300 , 3.6200 
2/26/2021, 2.8900 , 3.5800 
2/19/2021, 2.7100 , 3.4400 
2/12/2021, 2.6100 , 3.3400 
2/5/2021, 2.6000 , 3.3200 
1/29/2021, 2.4700 , 3.2300 
1/22/2021, 2.4800 , 3.2200 
1/15/2021, 2.4800 , 3.2700 
1/8/2021, 2.3700 , 3.2500 
12/18/2020, 2.2900 , 3.1700 
12/11/2020, 2.2700 , 3.1500 
12/4/2020, 2.2300 , 3.1700 
11/27/2020, 2.2400 , 3.1800 
11/20/2020, 2.2900 , 3.2600 
11/13/2020, 2.3800 , 3.3800 
11/6/2020, 2.3200 , 3.3900 
10/30/2020, 2.3700 , 3.4300 
10/23/2020, 2.3800 , 3.4500 
10/16/2020, 2.2800 , 3.3900 
10/9/2020, 2.3800 , 3.4800 
10/2/2020, 2.3400 , 3.4300 
9/25/2020, 2.3000 , 3.3600 
9/18/2020, 2.3100 , 3.3500 
9/11/2020, 2.3400 , 3.3700 
9/4/2020, 2.3200 , 3.3400 
8/28/2020, 2.3900 , 3.3700 
8/21/2020, 2.3200 , 3.3100 
8/14/2020, 2.1900 , 3.2500 
8/7/2020, 2.0500 , 3.1500 
7/31/2020, 2.0300 , 3.1700 
7/24/2020, 2.0600 , 3.2100 
7/17/2020, 2.1500 , 3.3400 
7/10/2020, 2.2400 , 3.4300 
6/26/2020, 2.4000 , 3.5800 
6/19/2020, 2.4200 , 3.6100 
6/12/2020, 2.4300 , 3.6400 
6/5/2020, 2.4100 , 3.8100 
5/29/2020, 2.4100 , 3.7900 
5/22/2020, 2.4800 , 3.9500 
5/15/2020, 2.5800 , 4.0800 
5/8/2020, 2.4900 , 3.9800 
5/1/2020, 2.3800 , 3.8800 
4/24/2020, 2.3200 , 3.8900 
4/17/2020, 2.3300 , 4.0100 
4/3/2020, 2.6900 , 4.5800 
3/27/2020, 3.2700 , 4.9400 
3/20/2020, 3.6400 , 4.7800 
3/13/2020, 2.7500 , 3.8600 
3/6/2020, 2.5300 , 3.4500 
2/28/2020, 2.7000 , 3.5300 
2/21/2020, 2.7700 , 3.5800 
2/14/2020, 2.8100 , 3.6500 
2/7/2020, 2.8400 , 3.6800 
1/31/2020, 2.8200 , 3.6600 
1/24/2020, 2.8900 , 3.7200 
1/17/2020, 2.9900 , 3.8200 
1/10/2020, 3.0300 , 3.8600 
1/3/2020, 3.0000 , 3.8600 
12/27/2019, 3.0000 , 3.8700 
12/20/2019, 3.0100 , 3.8900 
12/13/2019, 3.0000 , 3.8700 
12/6/2019, 3.0100 , 3.8900 
11/29/2019, 2.9600 , 3.8700 
11/22/2019, 3.0400 , 3.9200 
11/15/2019, 3.1200 , 3.9800 
11/8/2019, 3.1100 , 4.0000 
11/1/2019, 3.0500 , 3.9400 
10/25/2019, 3.0200 , 3.9600 
10/18/2019, 3.0500 , 3.9700 
10/11/2019, 2.9800 , 3.9000 
10/4/2019, 2.9600 , 3.8500 
9/27/2019, 3.0000 , 3.8800 
9/20/2019, 3.1000 , 3.9900 
9/13/2019, 3.1100 , 3.9800 
9/6/2019, 2.8900 , 3.7900 
8/30/2019, 2.8500 , 3.7600 
8/23/2019, 2.9100 , 3.8500 
8/16/2019, 2.9600 , 3.8400 
8/9/2019, 3.1100 , 3.9700 
8/2/2019, 3.2400 , 4.1300 
7/26/2019, 3.3000 , 4.2500 
7/19/2019, 3.3300 , 4.3200 
7/12/2019, 3.3000 , 4.3300 
7/5/2019, 3.2300 , 4.2800 
6/28/2019, 3.2900 , 4.3400 
6/21/2019, 3.3900 , 4.4400 
6/14/2019, 3.4900 , 4.5300 
6/7/2019, 3.5100 , 4.5300 
5/31/2019, 3.5700 , 4.5500 
5/24/2019, 3.6700 , 4.6400 
5/17/2019, 3.6900 , 4.6400 
5/10/2019, 3.7100 , 4.6500 
5/3/2019, 3.7200 , 4.6500 
4/26/2019, 3.7100 , 4.6900 
4/12/2019, 3.6800 , 4.7100 
4/5/2019, 3.6800 , 4.7300 
3/29/2019, 3.6300 , 4.6800 
3/22/2019, 3.7700 , 4.8300 
3/15/2019, 3.8200 , 4.8800 
3/8/2019, 3.8500 , 4.9200 
3/1/2019, 3.8400 , 4.9300 
2/22/2019, 3.7800 , 4.9100 
2/15/2019, 3.7700 , 4.9600 
2/8/2019, 3.7800 , 4.9800 
2/1/2019, 3.8300 , 5.0600 
1/25/2019, 3.8800 , 5.1100 
1/18/2019, 3.9900 , 5.1800 
1/11/2019, 3.9700 , 5.1300 
1/4/2019, 3.9600 , 5.1000 
12/28/2018, 4.0000 , 5.1300 
12/21/2018, 3.9500 , 5.0800 
12/14/2018, 4.0300 , 5.1500 
12/7/2018, 4.1000 , 5.1800 
11/30/2018, 4.2000 , 5.2700 
11/23/2018, 4.2000 , 5.2300 
11/16/2018, 4.2200 , 5.2100 
11/9/2018, 4.2200 , 5.1900 
11/2/2018, 4.2500 , 5.1700 
10/26/2018, 4.1800 , 5.1100 
10/19/2018, 4.1400 , 5.0700 
10/12/2018, 4.1400 , 5.0500 
10/5/2018, 4.0700 , 4.9800 
9/28/2018, 4.0000 , 4.9100 
9/21/2018, 4.0000 , 4.9200 
9/14/2018, 3.9400 , 4.8600 
9/7/2018, 3.9700 , 4.8400 
8/31/2018, 3.8900 , 4.7700 
8/24/2018, 3.8400 , 4.7200 
8/17/2018, 3.9000 , 4.7700 
8/10/2018, 3.9000 , 4.7800 
8/3/2018, 3.9100 , 4.8100 
7/27/2018, 3.9200 , 4.8300 
7/20/2018, 3.8500 , 4.7700 
7/13/2018, 3.8300 , 4.7600 
7/6/2018, 3.9000 , 4.8100 
6/29/2018, 3.9500 , 4.8400 
6/22/2018, 3.9700 , 4.8400 
6/15/2018, 3.9500 , 4.8300 
6/8/2018, 3.9600 , 4.8300 
6/1/2018, 3.8800 , 4.7500 
5/25/2018, 4.0100 , 4.8500 
5/18/2018, 4.0500 , 4.8800 
5/11/2018, 4.0100 , 4.8200 
5/4/2018, 3.9900 , 4.7900 
4/27/2018, 3.9600 , 4.7800 
4/20/2018, 3.8300 , 4.6500 
4/13/2018, 3.7700 , 4.6100 
4/6/2018, 3.8000 , 4.6300 
3/23/2018, 3.8700 , 4.6800 
3/16/2018, 3.8600 , 4.6400 
3/9/2018, 3.8900 , 4.6400 
3/2/2018, 3.8700 , 4.5600 
2/23/2018, 3.9100 , 4.5800 
2/16/2018, 3.8600 , 4.5300 
2/9/2018, 3.7500 , 4.4500 
2/2/2018, 3.6300 , 4.3300 
1/26/2018, 3.5800 , 4.2700 
1/19/2018, 3.5300 , 4.2400 
1/12/2018, 3.5400 , 4.2500 
1/5/2018, 3.5000 , 4.2200 
12/29/2017, 3.4800 , 4.2000 
12/22/2017, 3.5500 , 4.2600 
12/15/2017, 3.4800 , 4.2000 
12/8/2017, 3.5100 , 4.2300 
12/1/2017, 3.5600 , 4.2700 
11/24/2017, 3.5500 , 4.2500 
11/17/2017, 3.6400 , 4.3000 
11/3/2017, 3.5600 , 4.2800 
10/27/2017, 3.6300 , 4.3500 
10/20/2017, 3.5700 , 4.2800 
10/13/2017, 3.5900 , 4.3100 
10/6/2017, 3.6100 , 4.3400 
9/29/2017, 3.6100 , 4.3200 
9/22/2017, 3.6500 , 4.3300 
9/15/2017, 3.6500 , 4.3100 
9/8/2017, 3.6000 , 4.2400 
9/1/2017, 3.6200 , 4.2900 
8/25/2017, 3.6300 , 4.3000 
8/18/2017, 3.6500 , 4.3200 
8/11/2017, 3.6400 , 4.3300 
8/4/2017, 3.6400 , 4.3200 
7/28/2017, 3.6700 , 4.3600 
7/21/2017, 3.6500 , 4.3400 
7/14/2017, 3.7400 , 4.4400 
7/7/2017, 3.7400 , 4.4300 
6/30/2017, 3.6500 , 4.3500 
6/23/2017, 3.6200 , 4.3200 
6/16/2017, 3.7000 , 4.3800 
6/9/2017, 3.7200 , 4.4100 
6/2/2017, 3.7500 , 4.4300 
5/26/2017, 3.8200 , 4.5000 
5/19/2017, 3.8100 , 4.5200 
5/12/2017, 3.9200 , 4.6200 
5/5/2017, 3.8900 , 4.6000 
4/28/2017, 3.8700 , 4.5800 
4/21/2017, 3.8200 , 4.5100 
4/7/2017, 3.9300 , 4.6200 
3/31/2017, 3.9300 , 4.6300 
3/24/2017, 3.9800 , 4.6500 
3/17/2017, 4.0900 , 4.7500 
3/10/2017, 4.0500 , 4.7200 
3/3/2017, 3.9100 , 4.6100 
2/24/2017, 3.9100 , 4.6000 
2/17/2017, 3.9800 , 4.6600 
2/10/2017, 3.9500 , 4.6400 
2/3/2017, 4.0000 , 4.7100 
1/27/2017, 3.9700 , 4.6900 
1/20/2017, 3.9200 , 4.6500 
1/13/2017, 3.8700 , 4.6200 
1/6/2017, 3.9100 , 4.6800 
12/30/2016, 4.0200 , 4.7700 
12/23/2016, 4.0600 , 4.8200 
12/16/2016, 4.0900 , 4.8700 
12/9/2016, 4.0500 , 4.8300 
12/2/2016, 4.0100 , 4.8100 
11/25/2016, 4.0100 , 4.8400 
11/18/2016, 3.9400 , 4.8200 
11/4/2016, 3.6200 , 4.4600 
10/28/2016, 3.5400 , 4.4000 
10/21/2016, 3.4800 , 4.3700 
10/14/2016, 3.5200 , 4.3800 
10/7/2016, 3.4900 , 4.3400 
9/30/2016, 3.4000 , 4.2600 
9/23/2016, 3.4700 , 4.3500 
9/16/2016, 3.4900 , 4.4100 
9/9/2016, 3.3300 , 4.2500 
9/2/2016, 3.2400 , 4.1900 
8/26/2016, 3.2600 , 4.2100 
8/19/2016, 3.3100 , 4.2500 
8/12/2016, 3.3400 , 4.2500 
8/5/2016, 3.4000 , 4.2900 
7/29/2016, 3.2900 , 4.2000 
7/22/2016, 3.3400 , 4.2400 
7/15/2016, 3.2700 , 4.2100 
7/8/2016, 3.2100 , 4.1900 
7/1/2016, 3.3900 , 4.3900 
6/24/2016, 3.5600 , 4.5600 
6/17/2016, 3.4500 , 4.4900 
6/10/2016, 3.5100 , 4.5500 
6/3/2016, 3.5900 , 4.6400 
5/27/2016, 3.6700 , 4.7100 
5/20/2016, 3.6500 , 4.6900 
5/13/2016, 3.6300 , 4.6400 
5/6/2016, 3.6600 , 4.6600 
4/29/2016, 3.6200 , 4.7500 
4/22/2016, 3.5700 , 4.7700 
4/15/2016, 3.6100 , 4.7800 
4/8/2016, 3.6100 , 4.8000 
4/1/2016, 3.7300 , 4.9100 
3/18/2016, 3.8000 , 5.1300 
3/11/2016, 3.8800 , 5.2500 
3/4/2016, 3.8900 , 5.3200 
2/26/2016, 3.9100 , 5.3100 
2/19/2016, 4.0100 , 5.3700 
2/12/2016, 3.9200 , 5.2900 
2/5/2016, 4.0300 , 5.4000 
1/29/2016, 4.0500 , 5.4600 
1/22/2016, 4.0300 , 5.4500 
1/15/2016, 3.9500 , 5.4200 
1/8/2016, 3.9800 , 5.4600 
1/1/2016, 4.0100 , 5.5100 
12/25/2015, 3.9600 , 5.4900 
12/18/2015, 3.9700 , 5.4700 
12/11/2015, 3.9500 , 5.4000 
12/4/2015, 3.9700 , 5.4100 
11/27/2015, 4.0100 , 5.4400 
11/20/2015, 4.0600 , 5.4700 
11/13/2015, 4.1100 , 5.5000 
11/6/2015, 4.0500 , 5.4300 
10/30/2015, 3.9400 , 5.3300 
10/23/2015, 3.9200 , 5.3300 
10/16/2015, 3.9200 , 5.3200 
10/9/2015, 4.0100 , 5.3800 
10/2/2015, 3.9800 , 5.3300 
9/25/2015, 4.0300 , 5.3300 
9/18/2015, 4.1000 , 5.3700 
9/11/2015, 4.0900 , 5.3300 
9/4/2015, 4.1200 , 5.3400 
8/28/2015, 4.0900 , 5.2900 
8/21/2015, 3.9900 , 5.1600 
8/14/2015, 4.0200 , 5.1400 
8/7/2015, 4.0200 , 5.1200 
7/31/2015, 4.0600 , 5.1600 
7/24/2015, 4.1300 , 5.1800 
7/17/2015, 4.2200 , 5.2700 
7/10/2015, 4.1500 , 5.1700 
7/3/2015, 4.2200 , 5.2200 
6/26/2015, 4.2600 , 5.2200 
6/19/2015, 4.1700 , 5.1000 
6/12/2015, 4.2000 , 5.1300 
6/5/2015, 4.1300 , 5.0400 
5/29/2015, 3.9500 , 4.8600 
5/22/2015, 4.0700 , 4.9600 
5/15/2015, 4.0200 , 4.9400 
5/8/2015, 3.9100 , 4.8200 
5/1/2015, 3.6800 , 4.6100 
4/24/2015, 3.5400 , 4.4800 
4/17/2015, 3.4700 , 4.4400 
4/10/2015, 3.5000 , 4.4700 
4/3/2015, 3.4900 , 4.4600 
3/27/2015, 3.5400 , 4.4700 
3/20/2015, 3.6200 , 4.5100 
3/13/2015, 3.7000 , 4.5900 
3/6/2015, 3.7400 , 4.6000 
2/27/2015, 3.6500 , 4.4800 
2/20/2015, 3.7700 , 4.6400 
2/13/2015, 3.6200 , 4.5300 
2/6/2015, 3.4200 , 4.4100 
1/30/2015, 3.3600 , 4.3600 
1/23/2015, 3.4400 , 4.4500 
1/16/2015, 3.4600 , 4.4500 
1/9/2015, 3.5400 , 4.5300 
1/2/2015, 3.7200 , 4.6800 
12/26/2014, 3.7900 , 4.7500 
12/19/2014, 3.7400 , 4.7200 
12/12/2014, 3.7500 , 4.7200 
12/5/2014, 3.9000 , 4.7900 
11/28/2014, 3.8800 , 4.7400 
11/21/2014, 3.9600 , 4.8400 
11/14/2014, 3.9400 , 4.8000 
11/7/2014, 3.9000 , 4.7600 
10/31/2014, 3.9200 , 4.7200 
10/24/2014, 3.9300 , 4.6800 
10/17/2014, 3.8200 , 4.6200 
10/10/2014, 3.9200 , 4.6800 
10/3/2014, 4.0000 , 4.7600 
9/26/2014, 4.1000 , 4.8200 
9/19/2014, 4.2100 , 4.8900 
9/12/2014, 4.1300 , 4.7900 
9/5/2014, 4.0300 , 4.6900 
8/29/2014, 3.9800 , 4.6100 
8/22/2014, 4.0800 , 4.7000 
8/15/2014, 4.0800 , 4.7100 
8/8/2014, 4.1400 , 4.7300 
8/1/2014, 4.1300 , 4.7200 
7/25/2014, 4.1200 , 4.6800 
7/18/2014, 4.1600 , 4.7300 
7/11/2014, 4.1900 , 4.7600 
7/4/2014, 4.2300 , 4.8000 
6/27/2014, 4.2000 , 4.7600 
6/20/2014, 4.2700 , 4.8100 
6/13/2014, 4.2800 , 4.8200 
6/6/2014, 4.2700 , 4.8200 
5/30/2014, 4.1600 , 4.7000 
5/23/2014, 4.1800 , 4.7800 
5/16/2014, 4.1500 , 4.7700 
5/9/2014, 4.1700 , 4.7900 
5/2/2014, 4.1900 , 4.8100 
4/25/2014, 4.2200 , 4.8600 
4/18/2014, 4.2200 , 4.8600 
4/11/2014, 4.2400 , 4.9200 
4/4/2014, 4.3100 , 5.0200 
3/28/2014, 4.3300 , 5.0000 
3/21/2014, 4.4200 , 5.1100 
3/14/2014, 4.4100 , 5.1000 
3/7/2014, 4.3800 , 5.0700 
2/28/2014, 4.3700 , 5.0600 
2/21/2014, 4.4800 , 5.1300 
2/14/2014, 4.5000 , 5.1300 
2/7/2014, 4.4500 , 5.0900 
1/31/2014, 4.4500 , 5.1000 
1/24/2014, 4.4500 , 5.1300 
1/17/2014, 4.4800 , 5.1900 
1/10/2014, 4.5300 , 5.2800 
1/3/2014, 4.5500 , 5.3500 
12/27/2013, 4.5600 , 5.3500 
12/20/2013, 4.5900 , 5.3500 
12/13/2013, 4.6600 , 5.4000 
12/6/2013, 4.6900 , 5.4400 
11/29/2013, 4.6200 , 5.3600 
11/22/2013, 4.6900 , 5.4400 
11/15/2013, 4.6700 , 5.4300 
11/8/2013, 4.6000 , 5.3600 
11/1/2013, 4.4800 , 5.2300 
10/25/2013, 4.4600 , 5.2100 
10/18/2013, 4.5500 , 5.3200 
10/11/2013, 4.5800 , 5.3800 
10/4/2013, 4.5800 , 5.4100 
9/27/2013, 4.5400 , 5.3700 
9/20/2013, 4.6700 , 5.4900 
9/13/2013, 4.7000 , 5.5400 
9/6/2013, 4.6700 , 5.4900 
8/30/2013, 4.5400 , 5.4000 
8/23/2013, 4.6700 , 5.5500 
8/16/2013, 4.5600 , 5.4400 
8/9/2013, 4.4400 , 5.3400 
8/2/2013, 4.4200 , 5.3200 
7/26/2013, 4.3400 , 5.2500 
7/19/2013, 4.3100 , 5.2900 
7/12/2013, 4.3700 , 5.4100 
7/5/2013, 4.3300 , 5.3600 
6/28/2013, 4.4100 , 5.4200 
6/21/2013, 4.3300 , 5.2300 
6/14/2013, 4.2400 , 5.1100 
6/7/2013, 4.1000 , 4.9900 
5/31/2013, 4.0600 , 4.9000 
5/24/2013, 3.9500 , 4.7800 
5/17/2013, 3.9100 , 4.7400 
5/10/2013, 3.8100 , 4.6500 
5/3/2013, 3.6900 , 4.5200 
4/26/2013, 3.7000 , 4.5300 
4/19/2013, 3.6800 , 4.5400 
4/12/2013, 3.7500 , 4.6200 
4/5/2013, 3.8200 , 4.7000 
3/29/2013, 3.9900 , 4.9000 
3/22/2013, 3.9300 , 4.8500 
3/15/2013, 4.0000 , 4.9100 
3/8/2013, 3.9200 , 4.8500 
3/1/2013, 3.8400 , 4.7800 
2/22/2013, 3.9300 , 4.8700 
2/15/2013, 3.9100 , 4.8600 
2/8/2013, 3.9000 , 4.8600 
2/1/2013, 3.9100 , 4.8500 
1/25/2013, 3.7700 , 4.7200 
1/18/2013, 3.7600 , 4.6900 
1/11/2013, 3.7700 , 4.7000 
1/4/2013, 3.7600 , 4.7100 
12/28/2012, 3.6500 , 4.6100 
12/21/2012, 3.7300 , 4.7000 
12/14/2012, 3.6500 , 4.6300 
12/7/2012, 3.5700 , 4.5700 
11/30/2012, 3.5600 , 4.5600 
11/23/2012, 3.5700 , 4.5600 
11/16/2012, 3.4600 , 4.4700 
11/9/2012, 3.4200 , 4.4600 
11/2/2012, 3.4400 , 4.4900 
10/26/2012, 3.5000 , 4.5400 
10/19/2012, 3.5000 , 4.5500 
10/12/2012, 3.4400 , 4.6000 
10/5/2012, 3.4400 , 4.6900 
9/28/2012, 3.4000 , 4.7200 
9/21/2012, 3.5500 , 4.8800 
9/14/2012, 3.5500 , 4.9400 
9/7/2012, 3.4300 , 4.8200 
8/31/2012, 3.4100 , 4.8300 
8/24/2012, 3.5400 , 4.9600 
8/17/2012, 3.5900 , 5.0200 
8/10/2012, 3.4500 , 4.8900 
8/3/2012, 3.3100 , 4.8000 
7/27/2012, 3.2600 , 4.7700 
7/20/2012, 3.3700 , 4.8500 
7/13/2012, 3.4400 , 4.9000 
7/6/2012, 3.6000 , 5.0300 
6/29/2012, 3.6000 , 5.0000 
6/22/2012, 3.6400 , 5.0200 
6/15/2012, 3.6700 , 5.0500 
6/8/2012, 3.6700 , 5.0300 
6/1/2012, 3.6500 , 5.0100 
5/25/2012, 3.7600 , 5.0900 
5/18/2012, 3.7200 , 4.9800 
5/11/2012, 3.8700 , 5.0800 
5/4/2012, 3.9500 , 5.1500 
4/27/2012, 3.9500 , 5.1500 
4/20/2012, 3.9300 , 5.1500 
4/13/2012, 3.9400 , 5.1900 
4/6/2012, 4.0300 , 5.2900 
3/30/2012, 4.0000 , 5.2500 
3/23/2012, 4.0900 , 5.3400 
3/16/2012, 4.0500 , 5.2800 
3/9/2012, 3.8800 , 5.1100 
3/2/2012, 3.8200 , 5.0800 
2/24/2012, 3.8500 , 5.1500 
2/17/2012, 3.8400 , 5.1500 
2/10/2012, 3.8900 , 5.1700 
2/3/2012, 3.8000 , 5.1300 
1/27/2012, 3.9000 , 5.2900 
1/20/2012, 3.8200 , 5.2000 
1/13/2012, 3.8500 , 5.2100 
1/6/2012, 3.8700 , 5.2800 
12/30/2011, 3.8200 , 5.2100 
12/23/2011, 3.8800 , 5.2400 
12/16/2011, 3.9200 , 5.2000 
12/9/2011, 4.0200 , 5.3000 
12/2/2011, 4.0000 , 5.2800 
11/25/2011, 3.8000 , 5.1100 
11/18/2011, 3.8900 , 5.1600 
11/11/2011, 3.8800 , 5.1200 
11/4/2011, 3.8400 , 5.1100 
10/28/2011, 3.9700 , 5.3600 
10/21/2011, 3.9800 , 5.4100 
10/14/2011, 4.1000 , 5.5200 
10/7/2011, 3.9100 , 5.2600 
9/30/2011, 4.0600 , 5.3100 
9/23/2011, 3.9800 , 5.1800 
9/16/2011, 4.1400 , 5.3300 
9/9/2011, 4.1100 , 5.2400 
9/2/2011, 4.3400 , 5.4000 
8/26/2011, 4.3700 , 5.4000 
8/19/2011, 4.3100 , 5.2900 
8/12/2011, 4.3200 , 5.3100 
8/5/2011, 4.4300 , 5.3800 
7/29/2011, 4.8400 , 5.7200 
7/22/2011, 4.9100 , 5.7500 
7/15/2011, 4.8900 , 5.7100 
7/8/2011, 5.0700 , 5.8400 
7/1/2011, 5.1100 , 5.8800 
6/24/2011, 4.9500 , 5.7200 
6/17/2011, 4.9800 , 5.7300 
6/10/2011, 4.9700 , 5.7300 
6/3/2011, 4.9400 , 5.7000 
5/27/2011, 4.9500 , 5.7400 
5/20/2011, 4.9300 , 5.7600 
5/13/2011, 4.9800 , 5.8300 
5/6/2011, 5.0000 , 5.8200 
4/29/2011, 5.1300 , 5.9300 
4/22/2011, 5.1600 , 5.9700 
4/15/2011, 5.1600 , 6.0700 
4/8/2011, 5.1900 , 6.1000 
4/1/2011, 5.1500 , 6.0500 
3/25/2011, 5.1000 , 6.0000 
3/18/2011, 5.0700 , 5.9800 
3/11/2011, 5.1700 , 6.0800 
3/4/2011, 5.1400 , 6.0500 
2/25/2011, 5.1600 , 6.0600 
2/18/2011, 5.2600 , 6.1500 
2/11/2011, 5.2800 , 6.2200 
2/4/2011, 5.1900 , 6.1700 
1/28/2011, 5.0600 , 6.0800 
1/21/2011, 5.0700 , 6.1200 
1/14/2011, 5.0100 , 6.0700 
1/7/2011, 5.0100 , 6.0900 
12/31/2010, 4.9800 , 6.0700 
12/24/2010, 5.0100 , 6.0900 
12/17/2010, 5.0800 , 6.1800 
12/10/2010, 5.0300 , 6.0900 
12/3/2010, 4.9000 , 5.9500 
11/26/2010, 4.9000 , 5.9500 
11/19/2010, 4.9800 , 6.0300 
11/12/2010, 4.9000 , 5.9500 
11/5/2010, 4.7500 , 5.7900 
10/29/2010, 4.7700 , 5.8000 
10/22/2010, 4.7100 , 5.7600 
10/15/2010, 4.7000 , 5.7400 
10/8/2010, 4.5600 , 5.5900 
10/1/2010, 4.5200 , 5.5800 
9/24/2010, 4.5500 , 5.6600 
9/17/2010, 4.5900 , 5.7300 
9/10/2010, 4.5000 , 5.6600 
9/3/2010, 4.3900 , 5.5900 
8/27/2010, 4.3100 , 5.5100 
8/20/2010, 4.4000 , 5.5600 
8/13/2010, 4.6000 , 5.7800 
8/6/2010, 4.7300 , 5.8600 
7/30/2010, 4.7600 , 5.9400 
7/23/2010, 4.6900 , 5.9600 
7/16/2010, 4.7500 , 6.0800 
7/9/2010, 4.7200 , 6.0800 
7/2/2010, 4.6900 , 6.0600 
6/25/2010, 4.8400 , 6.2200 
6/18/2010, 4.9300 , 6.3200 
6/11/2010, 4.9000 , 6.2300 
6/4/2010, 4.9800 , 6.2300 
5/28/2010, 4.9100 , 6.1000 
5/21/2010, 4.8700 , 6.0000 
5/14/2010, 5.0700 , 6.1200 
5/7/2010, 5.0000 , 5.9800 
4/30/2010, 5.2000 , 6.1400 
4/23/2010, 5.2500 , 6.2000 
4/16/2010, 5.2800 , 6.2600 
4/9/2010, 5.3800 , 6.3800 
4/2/2010, 5.3600 , 6.3500 
3/26/2010, 5.3000 , 6.2800 
3/19/2010, 5.2100 , 6.2100 
3/12/2010, 5.2800 , 6.3000 
3/5/2010, 5.2400 , 6.2600 
2/26/2010, 5.3100 , 6.3300 
2/19/2010, 5.4400 , 6.4500 
2/12/2010, 5.3600 , 6.3600 
2/5/2010, 5.2900 , 6.2500 
1/29/2010, 5.2800 , 6.2300 
1/22/2010, 5.2200 , 6.1600 
1/15/2010, 5.2400 , 6.2500 
1/8/2010, 5.3000 , 6.3400 
1/1/2010, 5.3400 , 6.4100 
12/25/2009, 5.3200 , 6.4100 
12/18/2009, 5.2600 , 6.3300 
12/11/2009, 5.2500 , 6.3700 
12/4/2009, 5.1100 , 6.2900 
11/27/2009, 5.0700 , 6.2400 
11/20/2009, 5.1600 , 6.2700 
11/13/2009, 5.2800 , 6.3900 
11/6/2009, 5.2700 , 6.3900 
10/30/2009, 5.2200 , 6.3400 
10/23/2009, 5.1700 , 6.3100 
10/16/2009, 5.2100 , 6.3800 
10/9/2009, 5.0600 , 6.2200 
10/2/2009, 5.0000 , 6.1400 
9/25/2009, 5.1400 , 6.2700 
9/18/2009, 5.1500 , 6.3600 
9/11/2009, 5.1800 , 6.3900 
9/4/2009, 5.1200 , 6.3700 
8/28/2009, 5.1400 , 6.4500 
8/21/2009, 5.2400 , 6.5600 
8/14/2009, 5.3400 , 6.6200 
8/7/2009, 5.3400 , 6.7100 
7/31/2009, 5.4000 , 6.9100 
7/24/2009, 5.4600 , 7.1300 
7/17/2009, 5.4400 , 7.1900 
7/10/2009, 5.3400 , 7.1000 
7/3/2009, 5.4000 , 7.1800 
6/26/2009, 5.4300 , 7.2000 
6/19/2009, 5.6100 , 7.4200 
6/12/2009, 5.8000 , 7.6900 
6/5/2009, 5.6800 , 7.8000 
5/29/2009, 5.6900 , 8.0300 
5/22/2009, 5.5700 , 8.0400 
5/15/2009, 5.4400 , 8.0000 
5/8/2009, 5.5000 , 8.1400 
5/1/2009, 5.4600 , 8.2600 
4/24/2009, 5.3300 , 8.2600 
4/17/2009, 5.3200 , 8.4000 
4/10/2009, 5.4700 , 8.5700 
4/3/2009, 5.4100 , 8.4700 
3/27/2009, 5.5100 , 8.5300 
3/20/2009, 5.6200 , 8.5000 
3/13/2009, 5.4900 , 8.4000 
3/6/2009, 5.4000 , 8.2300 
2/27/2009, 5.3100 , 8.1300 
2/20/2009, 5.2500 , 8.0000 
2/13/2009, 5.2100 , 8.0100 
2/6/2009, 5.2900 , 8.1800 
1/30/2009, 5.2300 , 8.2200 
1/23/2009, 5.0900 , 8.1500 
1/16/2009, 4.8900 , 7.9700 
1/9/2009, 5.0400 , 8.2300 
1/2/2009, 4.7300 , 8.0700 
12/26/2008, 4.7200 , 8.0900 
12/19/2008, 4.9500 , 8.3000 
12/12/2008, 5.3500 , 8.7200 
12/5/2008, 5.3100 , 8.7800 
11/28/2008, 5.7500 , 9.1000 
11/21/2008, 5.9900 , 9.1400 
11/14/2008, 6.3600 , 9.2600 
11/7/2008, 6.3700 , 9.3300 
10/31/2008, 6.4200 , 9.4900 
10/24/2008, 6.3200 , 9.2900 
10/17/2008, 6.4700 , 9.0900 
10/10/2008, 6.1200 , 8.2500 
10/3/2008, 5.9600 , 7.8600 
9/26/2008, 5.9100 , 7.6600 
9/19/2008, 5.6300 , 7.2800 
9/12/2008, 5.4600 , 7.0500 
9/5/2008, 5.4900 , 7.0400 
8/29/2008, 5.5400 , 7.0900 
8/22/2008, 5.5800 , 7.1100 
8/15/2008, 5.6800 , 7.1700 
8/8/2008, 5.7400 , 7.2200 
8/1/2008, 5.7300 , 7.2100 
7/25/2008, 5.7800 , 7.2700 
7/18/2008, 5.6700 , 7.1800 
7/11/2008, 5.5300 , 7.0300 
7/4/2008, 5.6000 , 7.0500 
6/27/2008, 5.6700 , 7.0800 
6/20/2008, 5.7400 , 7.1400 
6/13/2008, 5.6800 , 7.0800 
6/6/2008, 5.6300 , 7.0100 
5/30/2008, 5.6700 , 7.0600 
5/23/2008, 5.5300 , 6.9100 
5/16/2008, 5.5600 , 6.9200 
5/9/2008, 5.5700 , 6.8900 
5/2/2008, 5.5600 , 6.9000 
4/25/2008, 5.5800 , 6.9800 
4/18/2008, 5.6000 , 7.0300 
4/11/2008, 5.4700 , 6.9100 
4/4/2008, 5.5300 , 6.9600 
3/28/2008, 5.5100 , 6.9300 
3/21/2008, 5.4300 , 6.8200 
3/14/2008, 5.5300 , 6.9100 
3/7/2008, 5.5400 , 6.8900 
2/29/2008, 5.6000 , 6.9100 
2/22/2008, 5.6200 , 6.9300 
2/15/2008, 5.5400 , 6.8300 
2/8/2008, 5.4000 , 6.6900 
2/1/2008, 5.3800 , 6.6300 
1/25/2008, 5.3000 , 6.5400 
1/18/2008, 5.2900 , 6.5200 
1/11/2008, 5.3600 , 6.5300 
1/4/2008, 5.3500 , 6.4900 
12/28/2007, 5.5700 , 6.7100 
12/21/2007, 5.5100 , 6.6500 
12/14/2007, 5.5500 , 6.7200 
12/7/2007, 5.3800 , 6.5300 
11/30/2007, 5.2900 , 6.3700 
11/23/2007, 5.4000 , 6.3900 
11/16/2007, 5.4900 , 6.4200 
11/9/2007, 5.5300 , 6.4100 
11/2/2007, 5.5400 , 6.3900 
10/26/2007, 5.5400 , 6.3700 
10/19/2007, 5.6800 , 6.4900 
10/12/2007, 5.7800 , 6.5700 
10/5/2007, 5.7200 , 6.5500 
9/28/2007, 5.7900 , 6.6300 
9/21/2007, 5.7700 , 6.6500 
9/14/2007, 5.6600 , 6.5400 
9/7/2007, 5.7200 , 6.5500 
8/31/2007, 5.7700 , 6.6000 
8/24/2007, 5.8500 , 6.6800 
8/17/2007, 5.8500 , 6.7000 
8/10/2007, 5.7800 , 6.6600 
8/3/2007, 5.6300 , 6.6200 
7/27/2007, 5.6400 , 6.6100 
7/20/2007, 5.7400 , 6.6200 
7/13/2007, 5.8100 , 6.6900 
7/6/2007, 5.8000 , 6.6900 
6/29/2007, 5.8000 , 6.6800 
6/22/2007, 5.8500 , 6.7300 
6/15/2007, 5.8900 , 6.7900 
6/8/2007, 5.6700 , 6.6200 
6/1/2007, 5.5800 , 6.5100 
5/25/2007, 5.5500 , 6.4700 
5/18/2007, 5.4600 , 6.3800 
5/11/2007, 5.4200 , 6.3100 
5/4/2007, 5.4000 , 6.3100 
4/27/2007, 5.4300 , 6.3500 
4/20/2007, 5.4400 , 6.3700 
4/13/2007, 5.5300 , 6.4600 
4/6/2007, 5.4800 , 6.4200 
3/30/2007, 5.4000 , 6.3800 
3/23/2007, 5.3200 , 6.3100 
3/16/2007, 5.2700 , 6.2300 
3/9/2007, 5.2500 , 6.1900 
3/2/2007, 5.2500 , 6.1500 
2/23/2007, 5.3700 , 6.2300 
2/16/2007, 5.4100 , 6.3000 
2/9/2007, 5.4200 , 6.3200 
2/2/2007, 5.5000 , 6.4200 
1/26/2007, 5.4700 , 6.3900 
1/19/2007, 5.4100 , 6.3500 
1/12/2007, 5.3400 , 6.2900 
1/5/2007, 5.3100 , 6.2700 
12/29/2006, 5.4300 , 6.3200 
12/22/2006, 5.3600 , 6.2600 
12/15/2006, 5.3100 , 6.2100 
12/8/2006, 5.2400 , 6.1300 
12/1/2006, 5.2300 , 6.1200 
11/24/2006, 5.3000 , 6.1800 
11/17/2006, 5.3400 , 6.2100 
11/10/2006, 5.3900 , 6.2500 
11/3/2006, 5.4100 , 6.2700 
10/27/2006, 5.5500 , 6.4200 
10/20/2006, 5.5600 , 6.4900 
10/13/2006, 5.5600 , 6.5000 
10/6/2006, 5.4200 , 6.3600 
9/29/2006, 5.3900 , 6.3200 
9/22/2006, 5.4900 , 6.4000 
9/15/2006, 5.5800 , 6.4900 
9/8/2006, 5.5900 , 6.5200 
9/1/2006, 5.5700 , 6.5000 
8/25/2006, 5.6200 , 6.5300 
8/18/2006, 5.7000 , 6.6100 
8/11/2006, 5.7600 , 6.6500 
8/4/2006, 5.7600 , 6.6500 
7/28/2006, 5.8200 , 6.7200 
7/21/2006, 5.8200 , 6.7500 
7/14/2006, 5.8500 , 6.7600 
7/7/2006, 5.9400 , 6.8400 
6/30/2006, 5.9800 , 6.9000 
6/23/2006, 5.9400 , 6.8600 
6/16/2006, 5.8300 , 6.7100 
6/9/2006, 5.8100 , 6.6700 
6/2/2006, 5.9100 , 6.7500 
5/26/2006, 5.9000 , 6.7200 
5/19/2006, 5.9600 , 6.7600 
5/12/2006, 5.9700 , 6.7400 
5/5/2006, 5.9600 , 6.7400 
4/28/2006, 5.9300 , 6.7300 
4/21/2006, 5.8800 , 6.7200 
4/14/2006, 5.8400 , 6.6800 
4/7/2006, 5.7200 , 6.5900 
3/31/2006, 5.6100 , 6.5000 
3/24/2006, 5.5100 , 6.3900 
3/17/2006, 5.5300 , 6.4100 
3/10/2006, 5.5300 , 6.4100 
3/3/2006, 5.3800 , 6.2700 
2/24/2006, 5.3200 , 6.2300 
2/17/2006, 5.3700 , 6.3000 
2/10/2006, 5.3400 , 6.2800 
2/3/2006, 5.3900 , 6.3100 
1/27/2006, 5.3300 , 6.2600 
1/20/2006, 5.2300 , 6.1800 
1/13/2006, 5.2900 , 6.2400 
1/6/2006, 5.2600 , 6.2100 
12/30/2005, 5.2400 , 6.1900 
12/23/2005, 5.3400 , 6.2800 
12/16/2005, 5.4100 , 6.3600 
12/9/2005, 5.4400 , 6.3900 
12/2/2005, 5.4000 , 6.3600 
11/25/2005, 5.3500 , 6.3500 
11/18/2005, 5.3900 , 6.3700 
11/11/2005, 5.4600 , 6.4200 
11/4/2005, 5.4800 , 6.4400 
10/28/2005, 5.4100 , 6.3800 
10/21/2005, 5.3500 , 6.3100 
10/14/2005, 5.3300 , 6.2700 
10/7/2005, 5.2500 , 6.1900 
9/30/2005, 5.2100 , 6.1200 
9/23/2005, 5.1700 , 6.0600 
9/16/2005, 5.1300 , 6.0300 
9/9/2005, 5.0500 , 5.9600 
9/2/2005, 4.9500 , 5.8400 
8/26/2005, 5.0400 , 5.9100 
8/19/2005, 5.0900 , 5.9600 
8/12/2005, 5.1700 , 6.0400 
8/5/2005, 5.1600 , 6.0200 
7/29/2005, 5.0800 , 5.9500 
7/22/2005, 5.0900 , 5.9900 
7/15/2005, 5.0400 , 5.9500 
7/8/2005, 5.0300 , 5.9300 
7/1/2005, 4.9300 , 5.8400 
6/24/2005, 4.9600 , 5.8700 
6/17/2005, 5.0600 , 5.9600 
6/10/2005, 4.9200 , 5.8000 
6/3/2005, 4.9500 , 5.8300 
5/27/2005, 5.0800 , 5.9800 
5/20/2005, 5.1000 , 6.0200 
5/13/2005, 5.2000 , 6.0300 
5/6/2005, 5.2500 , 6.0200 
4/29/2005, 5.2300 , 5.9700 
4/22/2005, 5.2700 , 6.0100 
4/15/2005, 5.3600 , 6.0800 
4/8/2005, 5.4300 , 6.1300 
4/1/2005, 5.4400 , 6.1700 
3/25/2005, 5.4700 , 6.1700 
3/18/2005, 5.4000 , 6.0500 
3/11/2005, 5.3500 , 5.9700 
3/4/2005, 5.3400 , 5.9500 
2/25/2005, 5.3000 , 5.9100 
2/18/2005, 5.2000 , 5.7900 
2/11/2005, 5.0900 , 5.7100 
2/4/2005, 5.2000 , 5.8600 
1/28/2005, 5.2800 , 5.9500 
1/21/2005, 5.3000 , 5.9700 
1/14/2005, 5.4000 , 6.0500 
1/7/2005, 5.4700 , 6.1200 
12/31/2004, 5.5100 , 6.1800 
12/24/2004, 5.4500 , 6.1100 
12/17/2004, 5.4000 , 6.0800 
12/10/2004, 5.4400 , 6.1400 
12/3/2004, 5.6000 , 6.3000 
11/26/2004, 5.4600 , 6.1600 
11/19/2004, 5.4800 , 6.1800 
11/12/2004, 5.5900 , 6.2500 
11/5/2004, 5.5000 , 6.1900 
10/29/2004, 5.4200 , 6.1500 
10/22/2004, 5.4300 , 6.1500 
10/15/2004, 5.4600 , 6.2000 
10/8/2004, 5.5400 , 6.3000 
10/1/2004, 5.4200 , 6.2100 
9/24/2004, 5.3700 , 6.1700 
9/17/2004, 5.4800 , 6.2900 
9/10/2004, 5.5400 , 6.3600 
9/3/2004, 5.5500 , 6.3700 
8/27/2004, 5.6300 , 6.4400 
8/20/2004, 5.6100 , 6.4300 
8/13/2004, 5.6500 , 6.4600 
8/6/2004, 5.7400 , 6.5600 
7/30/2004, 5.8700 , 6.6600 
7/23/2004, 5.7800 , 6.5800 
7/16/2004, 5.8100 , 6.6000 
7/9/2004, 5.8300 , 6.6300 
7/2/2004, 5.9200 , 6.7100 
6/25/2004, 5.9700 , 6.7500 
6/18/2004, 6.0100 , 6.7800 
6/11/2004, 6.0800 , 6.8400 
6/4/2004, 6.0400 , 6.8000 
5/28/2004, 6.0000 , 6.7200 
5/21/2004, 6.0800 , 6.7900 
5/14/2004, 6.1300 , 6.8200 
5/7/2004, 5.9500 , 6.6600 
4/30/2004, 5.8400 , 6.5600 
4/23/2004, 5.8100 , 6.5300 
4/16/2004, 5.7400 , 6.4600 
4/9/2004, 5.6400 , 6.3800 
4/2/2004, 5.4300 , 6.2100 
3/26/2004, 5.2800 , 6.0900 
3/19/2004, 5.2800 , 6.0700 
3/12/2004, 5.2700 , 6.0600 
3/5/2004, 5.4300 , 6.2000 
2/27/2004, 5.4700 , 6.2300 
2/20/2004, 5.5000 , 6.2500 
2/13/2004, 5.5000 , 6.2600 
2/6/2004, 5.5300 , 6.3200 
1/30/2004, 5.5500 , 6.4000 
1/23/2004, 5.4600 , 6.3700 
1/16/2004, 5.4600 , 6.3700 
1/9/2004, 5.6200 , 6.5600 
1/2/2004, 5.6500 , 6.6200 
12/26/2003, 5.5500 , 6.5400 
12/19/2003, 5.5700 , 6.5400 
12/12/2003, 5.6700 , 6.6300 
12/5/2003, 5.6700 , 6.6600 
11/28/2003, 5.6000 , 6.6200 
11/21/2003, 5.5600 , 6.5700 
11/14/2003, 5.7000 , 6.7100 
11/7/2003, 5.7400 , 6.7500 
10/31/2003, 5.6900 , 6.6900 
10/24/2003, 5.7200 , 6.7300 
10/17/2003, 5.8200 , 6.8400 
10/10/2003, 5.7000 , 6.7600 
10/3/2003, 5.5100 , 6.6000 
9/26/2003, 5.5900 , 6.6800 
9/19/2003, 5.7200 , 6.7700 
9/12/2003, 5.7900 , 6.8700 
9/5/2003, 5.8900 , 6.9600 
8/29/2003, 5.8700 , 6.9700 
8/22/2003, 5.8900 , 7.0200 
8/15/2003, 5.9300 , 7.0800 
8/8/2003, 5.8300 , 6.9800 
8/1/2003, 5.8400 , 6.9700 
7/25/2003, 5.6200 , 6.7500 
7/18/2003, 5.4500 , 6.5700 
7/11/2003, 5.3000 , 6.4200 
7/4/2003, 5.2700 , 6.3900 
6/27/2003, 5.0600 , 6.2600 
6/20/2003, 4.9300 , 6.1700 
6/13/2003, 4.8400 , 6.0800 
6/6/2003, 5.0000 , 6.2200 
5/30/2003, 5.0500 , 6.2400 
5/23/2003, 5.0100 , 6.2300 
5/16/2003, 5.2300 , 6.3900 
5/9/2003, 5.4200 , 6.5200 
5/2/2003, 5.5600 , 6.6800 
4/25/2003, 5.6800 , 6.7900 
4/18/2003, 5.8100 , 6.9000 
4/11/2003, 5.8100 , 6.9300 
4/4/2003, 5.8100 , 6.9100 
3/28/2003, 5.9400 , 6.9700 
3/21/2003, 5.9900 , 7.0400 
3/14/2003, 5.8200 , 6.9000 
3/7/2003, 5.8200 , 6.9000 
2/28/2003, 5.8900 , 6.9700 
2/21/2003, 5.9600 , 7.0600 
2/14/2003, 5.9700 , 7.0900 
2/7/2003, 5.9900 , 7.1000 
1/31/2003, 6.0900 , 7.2100 
1/24/2003, 6.1100 , 7.3000 
1/17/2003, 6.2200 , 7.3900 
1/10/2003, 6.2400 , 7.4300 
1/3/2003, 6.1500 , 7.3700 
12/27/2002, 6.1400 , 7.3800 
12/20/2002, 6.2300 , 7.4500 
12/13/2002, 6.2000 , 7.4500 
12/6/2002, 6.3300 , 7.5500 
11/29/2002, 6.3700 , 7.6000 
11/22/2002, 6.3000 , 7.5600 
11/15/2002, 6.2200 , 7.5600 
11/8/2002, 6.3200 , 7.7100 
11/1/2002, 6.3900 , 7.8100 
10/25/2002, 6.5000 , 7.9500 
10/18/2002, 6.4100 , 7.8600 
10/11/2002, 6.1500 , 7.5700 
10/4/2002, 6.1300 , 7.4400 
9/27/2002, 6.1000 , 7.3900 
9/20/2002, 6.1200 , 7.3700 
9/13/2002, 6.2100 , 7.4300 
9/6/2002, 6.2000 , 7.4000 
8/30/2002, 6.3300 , 7.5100 
8/23/2002, 6.3300 , 7.5500 
8/16/2002, 6.3100 , 7.5300 
8/9/2002, 6.4500 , 7.6900 
8/2/2002, 6.5400 , 7.7800 
7/26/2002, 6.4600 , 7.8000 
7/19/2002, 6.5400 , 7.9400 
7/12/2002, 6.5300 , 7.9200 
7/5/2002, 6.5900 , 7.9900 
6/28/2002, 6.5800 , 7.9300 
6/21/2002, 6.5500 , 7.8600 
6/14/2002, 6.6500 , 7.9500 
6/7/2002, 6.7400 , 8.0500 
5/31/2002, 6.7400 , 8.0800 
5/24/2002, 6.7700 , 8.1300 
5/17/2002, 6.8200 , 8.1800 
5/10/2002, 6.7100 , 8.0400 
5/3/2002, 6.7100 , 7.9600 
4/26/2002, 6.7400 , 7.9400 
4/19/2002, 6.7400 , 8.0200 
4/12/2002, 6.7500 , 8.0700 
4/5/2002, 6.8300 , 8.1400 
3/29/2002, 6.8500 , 8.1600 
3/22/2002, 6.8800 , 8.1700 
3/15/2002, 6.8500 , 8.1300 
3/8/2002, 6.6900 , 8.0000 
3/1/2002, 6.5300 , 7.8800 
2/22/2002, 6.5000 , 7.8600 
2/15/2002, 6.5400 , 7.9100 
2/8/2002, 6.4900 , 7.9200 
2/1/2002, 6.5200 , 7.8900 
1/25/2002, 6.5400 , 7.8900 
1/18/2002, 6.4700 , 7.7800 
1/11/2002, 6.5600 , 7.8500 
1/4/2002, 6.6700 , 7.9700 
12/28/2001, 6.6600 , 8.0200 
12/21/2001, 6.6500 , 8.0700 
12/14/2001, 6.7300 , 8.1300 
12/7/2001, 7.0400 , 7.9900 
11/30/2001, 7.1000 , 7.9500 
11/23/2001, 7.1400 , 7.9500 
11/16/2001, 6.9700 , 7.8100 
11/9/2001, 6.7500 , 7.6200 
11/2/2001, 6.8600 , 7.7300 
10/26/2001, 7.0100 , 7.8900 
10/19/2001, 7.0300 , 7.9100 
10/12/2001, 7.1000 , 7.9800 
10/5/2001, 7.0500 , 7.9200 
9/28/2001, 7.2700 , 8.1200 
9/21/2001, 7.3400 , 8.2000 
9/14/2001, 7.0000 , 7.8500 
9/7/2001, 6.9900 , 7.8300 
8/31/2001, 6.9500 , 7.7800 
8/24/2001, 6.9900 , 7.8400 
8/17/2001, 7.0300 , 7.8500 
8/10/2001, 7.0800 , 7.9000 
8/3/2001, 7.0700 , 7.8800 
7/27/2001, 7.0800 , 7.9100 
7/20/2001, 7.0900 , 7.9300 
7/13/2001, 7.1900 , 8.0300 
7/6/2001, 7.2400 , 8.0800 
6/29/2001, 7.1700 , 7.9800 
6/22/2001, 7.1700 , 7.9600 
6/15/2001, 7.1700 , 7.9600 
6/8/2001, 7.2000 , 7.9900 
6/1/2001, 7.3100 , 8.1100 
5/25/2001, 7.3200 , 8.1000 
5/18/2001, 7.3400 , 8.1100 
5/11/2001, 7.2500 , 8.0300 
5/4/2001, 7.2100 , 8.0000 
4/27/2001, 7.2600 , 8.0900 
4/20/2001, 7.2700 , 8.1500 
4/13/2001, 7.2000 , 8.0900 
4/6/2001, 7.0800 , 7.9800 
3/30/2001, 7.0600 , 7.9700 
3/23/2001, 6.9300 , 7.8300 
3/16/2001, 6.9500 , 7.8100 
3/9/2001, 6.9800 , 7.7900 
3/2/2001, 6.9900 , 7.8400 
2/23/2001, 7.1300 , 7.9600 
2/16/2001, 7.1100 , 7.8900 
2/9/2001, 7.1200 , 7.8300 
2/2/2001, 7.1300 , 7.8400 
1/26/2001, 7.2100 , 7.9500 
1/19/2001, 7.1400 , 7.9000 
1/12/2001, 7.1300 , 7.9500 
1/5/2001, 7.0900 , 7.9300 
12/29/2000, 7.1600 , 7.9800 
12/22/2000, 7.1600 , 7.9500 
12/15/2000, 7.2100 , 8.0300 
12/8/2000, 7.2900 , 8.1000 
12/1/2000, 7.3800 , 8.1900 
11/24/2000, 7.4100 , 8.2700 
11/17/2000, 7.4500 , 8.2600 
11/10/2000, 7.5300 , 8.3500 
11/3/2000, 7.4900 , 8.3100 
10/27/2000, 7.4500 , 8.2900 
10/20/2000, 7.5300 , 8.3300 
10/13/2000, 7.5700 , 8.3600 
10/6/2000, 7.6800 , 8.3900 
9/29/2000, 7.6500 , 8.3500 
9/22/2000, 7.7100 , 8.4400 
9/15/2000, 7.6000 , 8.3500 
9/8/2000, 7.5400 , 8.2500 
9/1/2000, 7.5500 , 8.2700 
8/25/2000, 7.5400 , 8.2500 
8/18/2000, 7.5400 , 8.2500 
8/11/2000, 7.5400 , 8.2400 
8/4/2000, 7.5700 , 8.2700 
7/28/2000, 7.6000 , 8.2900 
7/21/2000, 7.6700 , 8.3500 
7/14/2000, 7.6500 , 8.3600 
7/7/2000, 7.6700 , 8.4000 
6/30/2000, 7.7300 , 8.4800 
6/23/2000, 7.7300 , 8.4500 
6/16/2000, 7.5900 , 8.4200 
6/9/2000, 7.6000 , 8.5100 
6/2/2000, 7.8300 , 8.7600 
5/26/2000, 8.0000 , 8.9500 
5/19/2000, 8.0700 , 9.0200 
5/12/2000, 8.0400 , 8.9300 
5/5/2000, 7.8700 , 8.7400 
4/28/2000, 7.7000 , 8.5100 
4/21/2000, 7.6800 , 8.4500 
4/14/2000, 7.6200 , 8.3500 
4/7/2000, 7.5800 , 8.3000 
3/31/2000, 7.6300 , 8.3400 
3/24/2000, 7.6100 , 8.3100 
3/17/2000, 7.7500 , 8.4500 
3/10/2000, 7.7300 , 8.3800 
3/3/2000, 7.7100 , 8.3500 
2/25/2000, 7.6800 , 8.2900 
2/18/2000, 7.7000 , 8.3200 
2/11/2000, 7.6900 , 8.3000 
2/4/2000, 7.6500 , 8.2200 
1/28/2000, 7.7300 , 8.2900 
1/21/2000, 7.8800 , 8.4400 
1/14/2000, 7.8000 , 8.3700 
1/7/2000, 7.7300 , 8.2500 
12/31/1999, 7.6400 , 8.2400 
12/24/1999, 7.6600 , 8.2800 
12/17/1999, 7.5200 , 8.1700 
12/10/1999, 7.4200 , 8.0800 
12/3/1999, 7.5000 , 8.1700 
11/26/1999, 7.4100 , 8.1200 
11/19/1999, 7.3400 , 8.0600 
11/12/1999, 7.2900 , 8.1300 
11/5/1999, 7.3400 , 8.2700 
10/29/1999, 7.5500 , 8.4200 
10/22/1999, 7.6400 , 8.4400 
10/15/1999, 7.5900 , 8.4000 
10/8/1999, 7.4700 , 8.2800 
10/1/1999, 7.3900 , 8.2400 
9/24/1999, 7.3500 , 8.1900 
9/17/1999, 7.4000 , 8.1800 
9/10/1999, 7.4300 , 8.2000 
9/3/1999, 7.4400 , 8.2100 
8/27/1999, 7.2900 , 8.0600 
8/20/1999, 7.3700 , 8.1400 
8/13/1999, 7.5300 , 8.2700 
8/6/1999, 7.3800 , 8.1300 
7/30/1999, 7.2900 , 8.0400 
7/23/1999, 7.1500 , 7.9100 
7/16/1999, 7.0900 , 7.8600 
7/9/1999, 7.2300 , 7.9800 
7/2/1999, 7.2400 , 8.0100 
6/25/1999, 7.3100 , 8.1000 
6/18/1999, 7.2400 , 8.0200 
6/11/1999, 7.2100 , 7.9900 
6/4/1999, 7.1300 , 7.9100 
5/28/1999, 6.9900 , 7.7900 
5/21/1999, 6.9900 , 7.7700 
5/14/1999, 6.9100 , 7.6900 
5/7/1999, 6.8500 , 7.6400 
4/30/1999, 6.6800 , 7.5000 
4/23/1999, 6.6500 , 7.4800 
4/16/1999, 6.6000 , 7.4400 
4/9/1999, 6.5900 , 7.4500 
4/2/1999, 6.7000 , 7.5600 
3/26/1999, 6.6300 , 7.5300 
3/19/1999, 6.5500 , 7.4700 
3/12/1999, 6.6000 , 7.5200 
3/5/1999, 6.6900 , 7.6100 
2/26/1999, 6.5100 , 7.4700 
2/19/1999, 6.3700 , 7.3800 
2/12/1999, 6.3800 , 7.3700 
2/5/1999, 6.3200 , 7.3400 
1/29/1999, 6.1900 , 7.2400 
1/22/1999, 6.2200 , 7.2700 
1/15/1999, 6.2600 , 7.3000 
1/8/1999, 6.2800 , 7.3400 
1/1/1999, 6.2600 , 7.2700 
12/25/1998, 6.2900 , 7.3000 
12/18/1998, 6.1900 , 7.2100 
12/11/1998, 6.1800 , 7.1900 
12/4/1998, 6.1800 , 7.1900 
11/27/1998, 6.2800 , 7.2800 
11/20/1998, 6.3900 , 7.3300 
11/13/1998, 6.4300 , 7.3400 
11/6/1998, 6.5600 , 7.4200 
10/30/1998, 6.4400 , 7.2600 
10/23/1998, 6.4700 , 7.2800 
10/16/1998, 6.4500 , 7.2500 
10/9/1998, 6.2500 , 7.0500 
10/2/1998, 6.2500 , 7.0100 
9/25/1998, 6.3700 , 7.0700 
9/18/1998, 6.4200 , 7.1000 
9/11/1998, 6.4300 , 7.0700 
9/4/1998, 6.4700 , 7.1200 
8/28/1998, 6.5200 , 7.1500 
8/21/1998, 6.5200 , 7.1400 
8/14/1998, 6.5200 , 7.1400 
8/7/1998, 6.5600 , 7.1500 
7/31/1998, 6.5900 , 7.2000 
7/24/1998, 6.5600 , 7.1500 
7/17/1998, 6.5800 , 7.1700 
7/10/1998, 6.4900 , 7.0900 
7/3/1998, 6.5100 , 7.1100 
6/26/1998, 6.5300 , 7.1300 
6/19/1998, 6.4900 , 7.1000 
6/12/1998, 6.5200 , 7.1300 
6/5/1998, 6.5900 , 7.1900 
5/29/1998, 6.6100 , 7.2100 
5/22/1998, 6.6900 , 7.2700 
5/15/1998, 6.7400 , 7.3500 
5/8/1998, 6.7200 , 7.3400 
5/1/1998, 6.7800 , 7.4000 
4/24/1998, 6.7200 , 7.3500 
4/17/1998, 6.7200 , 7.3200 
4/10/1998, 6.6400 , 7.2800 
4/3/1998, 6.6700 , 7.3000 
3/27/1998, 6.6900 , 7.3000 
3/20/1998, 6.6600 , 7.2700 
3/13/1998, 6.7000 , 7.3000 
3/6/1998, 6.8100 , 7.4000 
2/27/1998, 6.7100 , 7.2800 
2/20/1998, 6.6200 , 7.2000 
2/13/1998, 6.6900 , 7.2700 
2/6/1998, 6.6900 , 7.2700 
1/30/1998, 6.7000 , 7.2800 
1/23/1998, 6.6600 , 7.2400 
1/16/1998, 6.5500 , 7.1400 
1/9/1998, 6.5500 , 7.1300 
1/2/1998, 6.7000 , 7.2700 
